--
-- PostgreSQL database dump
--

-- Dumped from database version 16.3
-- Dumped by pg_dump version 16.3

SET statement_timeout = 0;
SET lock_timeout = 0;
SET idle_in_transaction_session_timeout = 0;
SET client_encoding = 'UTF8';
SET standard_conforming_strings = on;
SELECT pg_catalog.set_config('search_path', '', false);
SET check_function_bodies = false;
SET xmloption = content;
SET client_min_messages = warning;
SET row_security = off;

SET default_tablespace = '';

SET default_table_access_method = heap;

--
-- Name: auth_group; Type: TABLE; Schema: public; Owner: appsoft
--

CREATE TABLE public.auth_group (
    id integer NOT NULL,
    name character varying(150) NOT NULL
);


ALTER TABLE public.auth_group OWNER TO appsoft;

--
-- Name: auth_group_id_seq; Type: SEQUENCE; Schema: public; Owner: appsoft
--

ALTER TABLE public.auth_group ALTER COLUMN id ADD GENERATED BY DEFAULT AS IDENTITY (
    SEQUENCE NAME public.auth_group_id_seq
    START WITH 1
    INCREMENT BY 1
    NO MINVALUE
    NO MAXVALUE
    CACHE 1
);


--
-- Name: auth_group_permissions; Type: TABLE; Schema: public; Owner: appsoft
--

CREATE TABLE public.auth_group_permissions (
    id bigint NOT NULL,
    group_id integer NOT NULL,
    permission_id integer NOT NULL
);


ALTER TABLE public.auth_group_permissions OWNER TO appsoft;

--
-- Name: auth_group_permissions_id_seq; Type: SEQUENCE; Schema: public; Owner: appsoft
--

ALTER TABLE public.auth_group_permissions ALTER COLUMN id ADD GENERATED BY DEFAULT AS IDENTITY (
    SEQUENCE NAME public.auth_group_permissions_id_seq
    START WITH 1
    INCREMENT BY 1
    NO MINVALUE
    NO MAXVALUE
    CACHE 1
);


--
-- Name: auth_permission; Type: TABLE; Schema: public; Owner: appsoft
--

CREATE TABLE public.auth_permission (
    id integer NOT NULL,
    name character varying(255) NOT NULL,
    content_type_id integer NOT NULL,
    codename character varying(100) NOT NULL
);


ALTER TABLE public.auth_permission OWNER TO appsoft;

--
-- Name: auth_permission_id_seq; Type: SEQUENCE; Schema: public; Owner: appsoft
--

ALTER TABLE public.auth_permission ALTER COLUMN id ADD GENERATED BY DEFAULT AS IDENTITY (
    SEQUENCE NAME public.auth_permission_id_seq
    START WITH 1
    INCREMENT BY 1
    NO MINVALUE
    NO MAXVALUE
    CACHE 1
);


--
-- Name: auth_user; Type: TABLE; Schema: public; Owner: appsoft
--

CREATE TABLE public.auth_user (
    id integer NOT NULL,
    password character varying(128) NOT NULL,
    last_login timestamp with time zone,
    is_superuser boolean NOT NULL,
    username character varying(150) NOT NULL,
    first_name character varying(150) NOT NULL,
    last_name character varying(150) NOT NULL,
    email character varying(254) NOT NULL,
    is_staff boolean NOT NULL,
    is_active boolean NOT NULL,
    date_joined timestamp with time zone NOT NULL
);


ALTER TABLE public.auth_user OWNER TO appsoft;

--
-- Name: auth_user_groups; Type: TABLE; Schema: public; Owner: appsoft
--

CREATE TABLE public.auth_user_groups (
    id bigint NOT NULL,
    user_id integer NOT NULL,
    group_id integer NOT NULL
);


ALTER TABLE public.auth_user_groups OWNER TO appsoft;

--
-- Name: auth_user_groups_id_seq; Type: SEQUENCE; Schema: public; Owner: appsoft
--

ALTER TABLE public.auth_user_groups ALTER COLUMN id ADD GENERATED BY DEFAULT AS IDENTITY (
    SEQUENCE NAME public.auth_user_groups_id_seq
    START WITH 1
    INCREMENT BY 1
    NO MINVALUE
    NO MAXVALUE
    CACHE 1
);


--
-- Name: auth_user_id_seq; Type: SEQUENCE; Schema: public; Owner: appsoft
--

ALTER TABLE public.auth_user ALTER COLUMN id ADD GENERATED BY DEFAULT AS IDENTITY (
    SEQUENCE NAME public.auth_user_id_seq
    START WITH 1
    INCREMENT BY 1
    NO MINVALUE
    NO MAXVALUE
    CACHE 1
);


--
-- Name: auth_user_user_permissions; Type: TABLE; Schema: public; Owner: appsoft
--

CREATE TABLE public.auth_user_user_permissions (
    id bigint NOT NULL,
    user_id integer NOT NULL,
    permission_id integer NOT NULL
);


ALTER TABLE public.auth_user_user_permissions OWNER TO appsoft;

--
-- Name: auth_user_user_permissions_id_seq; Type: SEQUENCE; Schema: public; Owner: appsoft
--

ALTER TABLE public.auth_user_user_permissions ALTER COLUMN id ADD GENERATED BY DEFAULT AS IDENTITY (
    SEQUENCE NAME public.auth_user_user_permissions_id_seq
    START WITH 1
    INCREMENT BY 1
    NO MINVALUE
    NO MAXVALUE
    CACHE 1
);


--
-- Name: django_admin_log; Type: TABLE; Schema: public; Owner: appsoft
--

CREATE TABLE public.django_admin_log (
    id integer NOT NULL,
    action_time timestamp with time zone NOT NULL,
    object_id text,
    object_repr character varying(200) NOT NULL,
    action_flag smallint NOT NULL,
    change_message text NOT NULL,
    content_type_id integer,
    user_id integer NOT NULL,
    CONSTRAINT django_admin_log_action_flag_check CHECK ((action_flag >= 0))
);


ALTER TABLE public.django_admin_log OWNER TO appsoft;

--
-- Name: django_admin_log_id_seq; Type: SEQUENCE; Schema: public; Owner: appsoft
--

ALTER TABLE public.django_admin_log ALTER COLUMN id ADD GENERATED BY DEFAULT AS IDENTITY (
    SEQUENCE NAME public.django_admin_log_id_seq
    START WITH 1
    INCREMENT BY 1
    NO MINVALUE
    NO MAXVALUE
    CACHE 1
);


--
-- Name: django_content_type; Type: TABLE; Schema: public; Owner: appsoft
--

CREATE TABLE public.django_content_type (
    id integer NOT NULL,
    app_label character varying(100) NOT NULL,
    model character varying(100) NOT NULL
);


ALTER TABLE public.django_content_type OWNER TO appsoft;

--
-- Name: django_content_type_id_seq; Type: SEQUENCE; Schema: public; Owner: appsoft
--

ALTER TABLE public.django_content_type ALTER COLUMN id ADD GENERATED BY DEFAULT AS IDENTITY (
    SEQUENCE NAME public.django_content_type_id_seq
    START WITH 1
    INCREMENT BY 1
    NO MINVALUE
    NO MAXVALUE
    CACHE 1
);


--
-- Name: django_migrations; Type: TABLE; Schema: public; Owner: appsoft
--

CREATE TABLE public.django_migrations (
    id bigint NOT NULL,
    app character varying(255) NOT NULL,
    name character varying(255) NOT NULL,
    applied timestamp with time zone NOT NULL
);


ALTER TABLE public.django_migrations OWNER TO appsoft;

--
-- Name: django_migrations_id_seq; Type: SEQUENCE; Schema: public; Owner: appsoft
--

ALTER TABLE public.django_migrations ALTER COLUMN id ADD GENERATED BY DEFAULT AS IDENTITY (
    SEQUENCE NAME public.django_migrations_id_seq
    START WITH 1
    INCREMENT BY 1
    NO MINVALUE
    NO MAXVALUE
    CACHE 1
);


--
-- Name: django_session; Type: TABLE; Schema: public; Owner: appsoft
--

CREATE TABLE public.django_session (
    session_key character varying(40) NOT NULL,
    session_data text NOT NULL,
    expire_date timestamp with time zone NOT NULL
);


ALTER TABLE public.django_session OWNER TO appsoft;

--
-- Name: overtime_app_approvallog; Type: TABLE; Schema: public; Owner: appsoft
--

CREATE TABLE public.overtime_app_approvallog (
    id bigint NOT NULL,
    decision character varying(20) NOT NULL,
    comment text NOT NULL,
    "timestamp" timestamp with time zone NOT NULL,
    approver_id bigint NOT NULL,
    request_id bigint NOT NULL
);


ALTER TABLE public.overtime_app_approvallog OWNER TO appsoft;

--
-- Name: overtime_app_approvallog_id_seq; Type: SEQUENCE; Schema: public; Owner: appsoft
--

ALTER TABLE public.overtime_app_approvallog ALTER COLUMN id ADD GENERATED BY DEFAULT AS IDENTITY (
    SEQUENCE NAME public.overtime_app_approvallog_id_seq
    START WITH 1
    INCREMENT BY 1
    NO MINVALUE
    NO MAXVALUE
    CACHE 1
);


--
-- Name: overtime_app_employee; Type: TABLE; Schema: public; Owner: appsoft
--

CREATE TABLE public.overtime_app_employee (
    id bigint NOT NULL,
    full_name character varying(200) NOT NULL,
    department character varying(200) NOT NULL,
    email character varying(254) NOT NULL,
    manager1_id bigint,
    manager2_id bigint,
    position_id bigint
);


ALTER TABLE public.overtime_app_employee OWNER TO appsoft;

--
-- Name: overtime_app_employee_id_seq; Type: SEQUENCE; Schema: public; Owner: appsoft
--

ALTER TABLE public.overtime_app_employee ALTER COLUMN id ADD GENERATED BY DEFAULT AS IDENTITY (
    SEQUENCE NAME public.overtime_app_employee_id_seq
    START WITH 1
    INCREMENT BY 1
    NO MINVALUE
    NO MAXVALUE
    CACHE 1
);


--
-- Name: overtime_app_holiday; Type: TABLE; Schema: public; Owner: appsoft
--

CREATE TABLE public.overtime_app_holiday (
    id bigint NOT NULL,
    date date NOT NULL,
    is_holiday boolean NOT NULL
);


ALTER TABLE public.overtime_app_holiday OWNER TO appsoft;

--
-- Name: overtime_app_holiday_id_seq; Type: SEQUENCE; Schema: public; Owner: appsoft
--

ALTER TABLE public.overtime_app_holiday ALTER COLUMN id ADD GENERATED BY DEFAULT AS IDENTITY (
    SEQUENCE NAME public.overtime_app_holiday_id_seq
    START WITH 1
    INCREMENT BY 1
    NO MINVALUE
    NO MAXVALUE
    CACHE 1
);


--
-- Name: overtime_app_overtimerequest; Type: TABLE; Schema: public; Owner: appsoft
--

CREATE TABLE public.overtime_app_overtimerequest (
    id bigint NOT NULL,
    created_at timestamp with time zone NOT NULL,
    start_datetime timestamp with time zone NOT NULL,
    end_datetime timestamp with time zone NOT NULL,
    reason character varying(200) NOT NULL,
    justification text NOT NULL,
    status character varying(20) NOT NULL,
    hours double precision NOT NULL,
    employee_id bigint NOT NULL
);


ALTER TABLE public.overtime_app_overtimerequest OWNER TO appsoft;

--
-- Name: overtime_app_overtimerequest_id_seq; Type: SEQUENCE; Schema: public; Owner: appsoft
--

ALTER TABLE public.overtime_app_overtimerequest ALTER COLUMN id ADD GENERATED BY DEFAULT AS IDENTITY (
    SEQUENCE NAME public.overtime_app_overtimerequest_id_seq
    START WITH 1
    INCREMENT BY 1
    NO MINVALUE
    NO MAXVALUE
    CACHE 1
);


--
-- Name: overtime_app_position; Type: TABLE; Schema: public; Owner: appsoft
--

CREATE TABLE public.overtime_app_position (
    id bigint NOT NULL,
    name character varying(200) NOT NULL
);


ALTER TABLE public.overtime_app_position OWNER TO appsoft;

--
-- Name: overtime_app_position_id_seq; Type: SEQUENCE; Schema: public; Owner: appsoft
--

ALTER TABLE public.overtime_app_position ALTER COLUMN id ADD GENERATED BY DEFAULT AS IDENTITY (
    SEQUENCE NAME public.overtime_app_position_id_seq
    START WITH 1
    INCREMENT BY 1
    NO MINVALUE
    NO MAXVALUE
    CACHE 1
);


--
-- Data for Name: auth_group; Type: TABLE DATA; Schema: public; Owner: appsoft
--

COPY public.auth_group (id, name) FROM stdin;
\.


--
-- Data for Name: auth_group_permissions; Type: TABLE DATA; Schema: public; Owner: appsoft
--

COPY public.auth_group_permissions (id, group_id, permission_id) FROM stdin;
\.


--
-- Data for Name: auth_permission; Type: TABLE DATA; Schema: public; Owner: appsoft
--

COPY public.auth_permission (id, name, content_type_id, codename) FROM stdin;
1	Can add log entry	1	add_logentry
2	Can change log entry	1	change_logentry
3	Can delete log entry	1	delete_logentry
4	Can view log entry	1	view_logentry
5	Can add permission	2	add_permission
6	Can change permission	2	change_permission
7	Can delete permission	2	delete_permission
8	Can view permission	2	view_permission
9	Can add group	3	add_group
10	Can change group	3	change_group
11	Can delete group	3	delete_group
12	Can view group	3	view_group
13	Can add user	4	add_user
14	Can change user	4	change_user
15	Can delete user	4	delete_user
16	Can view user	4	view_user
17	Can add content type	5	add_contenttype
18	Can change content type	5	change_contenttype
19	Can delete content type	5	delete_contenttype
20	Can view content type	5	view_contenttype
21	Can add session	6	add_session
22	Can change session	6	change_session
23	Can delete session	6	delete_session
24	Can view session	6	view_session
25	Can add holiday	7	add_holiday
26	Can change holiday	7	change_holiday
27	Can delete holiday	7	delete_holiday
28	Can view holiday	7	view_holiday
29	Can add employee	8	add_employee
30	Can change employee	8	change_employee
31	Can delete employee	8	delete_employee
32	Can view employee	8	view_employee
33	Can add overtime request	9	add_overtimerequest
34	Can change overtime request	9	change_overtimerequest
35	Can delete overtime request	9	delete_overtimerequest
36	Can view overtime request	9	view_overtimerequest
37	Can add approval log	10	add_approvallog
38	Can change approval log	10	change_approvallog
39	Can delete approval log	10	delete_approvallog
40	Can view approval log	10	view_approvallog
41	Can add position	11	add_position
42	Can change position	11	change_position
43	Can delete position	11	delete_position
44	Can view position	11	view_position
45	Can add Роль	12	add_role
46	Can change Роль	12	change_role
47	Can delete Роль	12	delete_role
48	Can view Роль	12	view_role
\.


--
-- Data for Name: auth_user; Type: TABLE DATA; Schema: public; Owner: appsoft
--

COPY public.auth_user (id, password, last_login, is_superuser, username, first_name, last_name, email, is_staff, is_active, date_joined) FROM stdin;
9	pbkdf2_sha256$600000$gnOieFqWDjCCfsckc1sWsD$rCi6pOzDri49O64L5zbD9ESOCTr8p1CednIdSkH8NZQ=	2025-10-15 04:55:51.00812+04	f	Ivanov			Ivanov@mail.ru	f	t	2025-10-15 03:49:19.256607+04
7	pbkdf2_sha256$600000$rsbWkG8kFiAFWY2VrZDCO6$pIERQe0aPvHI4AoLc7QGL1WZugt35PAMfYKtodyHsrM=	2025-10-15 05:17:24.947173+04	f	Kazanzev			Kazanzev@mail.ru	f	t	2025-10-15 03:25:38.592145+04
1	pbkdf2_sha256$600000$K3msgAXZOuHZEtVnK2EnmQ$SV8kyAJScnrozoNTwBNLj217UJhZgnbDDUJNpQO2Hes=	2025-10-15 18:35:05.264602+04	t	admin			Lerdon@mail.ru	t	t	2025-10-14 23:11:30+04
8	pbkdf2_sha256$600000$zjda5YwjANwer7fX0lMBj6$voIEIXdrWoSdcBlGqW13J0ZCizhq/VlAN4bpLKhbXj8=	2025-10-15 18:59:01.674066+04	f	Destian			Lerdonia@mail.ru	f	t	2025-10-15 03:26:02.167392+04
\.


--
-- Data for Name: auth_user_groups; Type: TABLE DATA; Schema: public; Owner: appsoft
--

COPY public.auth_user_groups (id, user_id, group_id) FROM stdin;
\.


--
-- Data for Name: auth_user_user_permissions; Type: TABLE DATA; Schema: public; Owner: appsoft
--

COPY public.auth_user_user_permissions (id, user_id, permission_id) FROM stdin;
\.


--
-- Data for Name: django_admin_log; Type: TABLE DATA; Schema: public; Owner: appsoft
--

COPY public.django_admin_log (id, action_time, object_id, object_repr, action_flag, change_message, content_type_id, user_id) FROM stdin;
1	2025-10-14 23:13:14.712391+04	1	Казанцев Алексей Валерьевич	1	[{"added": {}}]	8	1
2	2025-10-14 23:13:20.181412+04	2	Черняк Владислав Сергеевич	1	[{"added": {}}]	8	1
3	2025-10-15 01:39:40.114406+04	1	admin	2	[{"changed": {"fields": ["Email address"]}}]	4	1
4	2025-10-15 01:47:04.812026+04	2	Destian	3		4	1
5	2025-10-15 02:01:46.546271+04	3	Черняк Владислав Сергеевич	3		8	1
6	2025-10-15 02:01:55.603292+04	3	Destian	3		4	1
7	2025-10-15 02:41:24.673482+04	4	Destian	3		4	1
8	2025-10-15 02:41:45.363233+04	5	Черняк Владислав Сергеевич	3		8	1
9	2025-10-15 03:22:28.666408+04	5	Destian	3		4	1
10	2025-10-15 03:22:43.681855+04	6	Черняк Владислав Сергеевич	3		8	1
11	2025-10-15 03:24:36.442625+04	6	Destian	3		4	1
12	2025-10-15 03:24:44.378516+04	7	Черняк Владислав Сергеевич	3		8	1
13	2025-10-15 03:30:36.340161+04	4	Заявка #4 от Черняк Владислав Сергеевич	3		9	1
14	2025-10-15 18:35:28.192101+04	8	Заявка #8 от Черняк Владислав Сергеевич	3		9	1
15	2025-10-15 18:35:28.23205+04	5	Заявка #5 от Черняк Владислав Сергеевич	3		9	1
\.


--
-- Data for Name: django_content_type; Type: TABLE DATA; Schema: public; Owner: appsoft
--

COPY public.django_content_type (id, app_label, model) FROM stdin;
1	admin	logentry
2	auth	permission
3	auth	group
4	auth	user
5	contenttypes	contenttype
6	sessions	session
7	overtime_app	holiday
8	overtime_app	employee
9	overtime_app	overtimerequest
10	overtime_app	approvallog
11	overtime_app	position
12	overtime_app	role
\.


--
-- Data for Name: django_migrations; Type: TABLE DATA; Schema: public; Owner: appsoft
--

COPY public.django_migrations (id, app, name, applied) FROM stdin;
1	contenttypes	0001_initial	2025-10-14 22:55:22.794171+04
2	auth	0001_initial	2025-10-14 22:55:23.447587+04
3	admin	0001_initial	2025-10-14 22:55:23.58015+04
4	admin	0002_logentry_remove_auto_add	2025-10-14 22:55:23.586153+04
5	admin	0003_logentry_add_action_flag_choices	2025-10-14 22:55:23.592154+04
6	contenttypes	0002_remove_content_type_name	2025-10-14 22:55:23.618798+04
7	auth	0002_alter_permission_name_max_length	2025-10-14 22:55:23.6248+04
8	auth	0003_alter_user_email_max_length	2025-10-14 22:55:23.635803+04
9	auth	0004_alter_user_username_opts	2025-10-14 22:55:23.643804+04
10	auth	0005_alter_user_last_login_null	2025-10-14 22:55:23.651806+04
11	auth	0006_require_contenttypes_0002	2025-10-14 22:55:23.656293+04
12	auth	0007_alter_validators_add_error_messages	2025-10-14 22:55:23.66234+04
13	auth	0008_alter_user_username_max_length	2025-10-14 22:55:23.704385+04
14	auth	0009_alter_user_last_name_max_length	2025-10-14 22:55:23.711386+04
15	auth	0010_alter_group_name_max_length	2025-10-14 22:55:23.719418+04
16	auth	0011_update_proxy_permissions	2025-10-14 22:55:23.745454+04
17	auth	0012_alter_user_first_name_max_length	2025-10-14 22:55:23.751835+04
18	sessions	0001_initial	2025-10-14 22:55:23.863473+04
19	overtime_app	0001_initial	2025-10-14 23:06:38.573153+04
20	overtime_app	0002_position_alter_approvallog_decision_and_more	2025-10-15 01:36:03.581435+04
21	overtime_app	0003_alter_employee_email	2025-10-15 02:01:12.05691+04
22	overtime_app	0004_role_alter_approvallog_options_and_more	2025-10-15 02:49:55.84217+04
23	overtime_app	0005_remove_employee_department_unit_and_more	2025-10-15 03:04:52.667507+04
24	overtime_app	0006_remove_employee_role_delete_role	2025-10-15 03:17:04.933655+04
\.


--
-- Data for Name: django_session; Type: TABLE DATA; Schema: public; Owner: appsoft
--

COPY public.django_session (session_key, session_data, expire_date) FROM stdin;
wk4frbxvy76jt10s30mcx01fbtx0f7p7	.eJxVjMsOwiAQRf-FtSHAyKMu3fsNhJkBqRqalHZl_HfbpAvdnnPufYuY1qXGtec5jiwuQovTL8NEz9x2wY_U7pOkqS3ziHJP5GG7vE2cX9ej_TuoqddtbYIaCmliBa5YUEzFKA6D0cqBBT6DJ2NtRqc9BnCA3jMQbQCBAovPF8pPN5o:1v8uAD:WtyJHYJ9Lg4yn9F3Ic5GxzcqJNhYnlXvvtSigalJxog	2025-10-29 18:35:05.264602+04
5mqypes4h24bgkkd2ak3mctraeh2zflg	.eJxVjEEOwiAQRe_C2hA6FBhcuvcMhIGpVA0kpV0Z765NutDtf-_9lwhxW0vYOi9hzuIsUJx-N4rpwXUH-R7rrcnU6rrMJHdFHrTLa8v8vBzu30GJvXxri4osmTwRACvySAZ4dJqt9cOkPWACy4l0AoCRM6MDVBEGUgRGOfH-AOGBN24:1v8uXN:vPZRszHvNJd_cIa61NhW5dGPda_MQ3H8JHq7Vum_6WA	2025-10-29 18:59:01.674066+04
\.


--
-- Data for Name: overtime_app_approvallog; Type: TABLE DATA; Schema: public; Owner: appsoft
--

COPY public.overtime_app_approvallog (id, decision, comment, "timestamp", approver_id, request_id) FROM stdin;
\.


--
-- Data for Name: overtime_app_employee; Type: TABLE DATA; Schema: public; Owner: appsoft
--

COPY public.overtime_app_employee (id, full_name, department, email, manager1_id, manager2_id, position_id) FROM stdin;
8	Казанцев Алексей Валерьевич	Отдел сопровождения приложений	Kazanzev@mail.ru	\N	\N	2
9	Черняк Владислав Сергеевич	Отдел сопровождения приложений	Lerdonia@mail.ru	8	\N	1
10	Иванов Иван Иванович	Отдел сопровождения приложений	Ivanov@mail.ru	8	\N	1
\.


--
-- Data for Name: overtime_app_holiday; Type: TABLE DATA; Schema: public; Owner: appsoft
--

COPY public.overtime_app_holiday (id, date, is_holiday) FROM stdin;
\.


--
-- Data for Name: overtime_app_overtimerequest; Type: TABLE DATA; Schema: public; Owner: appsoft
--

COPY public.overtime_app_overtimerequest (id, created_at, start_datetime, end_datetime, reason, justification, status, hours, employee_id) FROM stdin;
6	2025-10-15 04:52:40.416786+04	2025-10-25 21:00:00+04	2025-10-26 00:00:00+04	incident	дол	pending	3	9
7	2025-10-15 04:56:20.149439+04	2025-10-27 03:00:00+04	2025-10-27 08:00:00+04	maintenance	Релиз	pending	5	10
\.


--
-- Data for Name: overtime_app_position; Type: TABLE DATA; Schema: public; Owner: appsoft
--

COPY public.overtime_app_position (id, name) FROM stdin;
1	Сотрудник
2	Руководитель
\.


--
-- Name: auth_group_id_seq; Type: SEQUENCE SET; Schema: public; Owner: appsoft
--

SELECT pg_catalog.setval('public.auth_group_id_seq', 1, false);


--
-- Name: auth_group_permissions_id_seq; Type: SEQUENCE SET; Schema: public; Owner: appsoft
--

SELECT pg_catalog.setval('public.auth_group_permissions_id_seq', 1, false);


--
-- Name: auth_permission_id_seq; Type: SEQUENCE SET; Schema: public; Owner: appsoft
--

SELECT pg_catalog.setval('public.auth_permission_id_seq', 48, true);


--
-- Name: auth_user_groups_id_seq; Type: SEQUENCE SET; Schema: public; Owner: appsoft
--

SELECT pg_catalog.setval('public.auth_user_groups_id_seq', 1, false);


--
-- Name: auth_user_id_seq; Type: SEQUENCE SET; Schema: public; Owner: appsoft
--

SELECT pg_catalog.setval('public.auth_user_id_seq', 9, true);


--
-- Name: auth_user_user_permissions_id_seq; Type: SEQUENCE SET; Schema: public; Owner: appsoft
--

SELECT pg_catalog.setval('public.auth_user_user_permissions_id_seq', 1, false);


--
-- Name: django_admin_log_id_seq; Type: SEQUENCE SET; Schema: public; Owner: appsoft
--

SELECT pg_catalog.setval('public.django_admin_log_id_seq', 15, true);


--
-- Name: django_content_type_id_seq; Type: SEQUENCE SET; Schema: public; Owner: appsoft
--

SELECT pg_catalog.setval('public.django_content_type_id_seq', 12, true);


--
-- Name: django_migrations_id_seq; Type: SEQUENCE SET; Schema: public; Owner: appsoft
--

SELECT pg_catalog.setval('public.django_migrations_id_seq', 24, true);


--
-- Name: overtime_app_approvallog_id_seq; Type: SEQUENCE SET; Schema: public; Owner: appsoft
--

SELECT pg_catalog.setval('public.overtime_app_approvallog_id_seq', 1, false);


--
-- Name: overtime_app_employee_id_seq; Type: SEQUENCE SET; Schema: public; Owner: appsoft
--

SELECT pg_catalog.setval('public.overtime_app_employee_id_seq', 10, true);


--
-- Name: overtime_app_holiday_id_seq; Type: SEQUENCE SET; Schema: public; Owner: appsoft
--

SELECT pg_catalog.setval('public.overtime_app_holiday_id_seq', 1, false);


--
-- Name: overtime_app_overtimerequest_id_seq; Type: SEQUENCE SET; Schema: public; Owner: appsoft
--

SELECT pg_catalog.setval('public.overtime_app_overtimerequest_id_seq', 8, true);


--
-- Name: overtime_app_position_id_seq; Type: SEQUENCE SET; Schema: public; Owner: appsoft
--

SELECT pg_catalog.setval('public.overtime_app_position_id_seq', 2, true);


--
-- Name: auth_group auth_group_name_key; Type: CONSTRAINT; Schema: public; Owner: appsoft
--

ALTER TABLE ONLY public.auth_group
    ADD CONSTRAINT auth_group_name_key UNIQUE (name);


--
-- Name: auth_group_permissions auth_group_permissions_group_id_permission_id_0cd325b0_uniq; Type: CONSTRAINT; Schema: public; Owner: appsoft
--

ALTER TABLE ONLY public.auth_group_permissions
    ADD CONSTRAINT auth_group_permissions_group_id_permission_id_0cd325b0_uniq UNIQUE (group_id, permission_id);


--
-- Name: auth_group_permissions auth_group_permissions_pkey; Type: CONSTRAINT; Schema: public; Owner: appsoft
--

ALTER TABLE ONLY public.auth_group_permissions
    ADD CONSTRAINT auth_group_permissions_pkey PRIMARY KEY (id);


--
-- Name: auth_group auth_group_pkey; Type: CONSTRAINT; Schema: public; Owner: appsoft
--

ALTER TABLE ONLY public.auth_group
    ADD CONSTRAINT auth_group_pkey PRIMARY KEY (id);


--
-- Name: auth_permission auth_permission_content_type_id_codename_01ab375a_uniq; Type: CONSTRAINT; Schema: public; Owner: appsoft
--

ALTER TABLE ONLY public.auth_permission
    ADD CONSTRAINT auth_permission_content_type_id_codename_01ab375a_uniq UNIQUE (content_type_id, codename);


--
-- Name: auth_permission auth_permission_pkey; Type: CONSTRAINT; Schema: public; Owner: appsoft
--

ALTER TABLE ONLY public.auth_permission
    ADD CONSTRAINT auth_permission_pkey PRIMARY KEY (id);


--
-- Name: auth_user_groups auth_user_groups_pkey; Type: CONSTRAINT; Schema: public; Owner: appsoft
--

ALTER TABLE ONLY public.auth_user_groups
    ADD CONSTRAINT auth_user_groups_pkey PRIMARY KEY (id);


--
-- Name: auth_user_groups auth_user_groups_user_id_group_id_94350c0c_uniq; Type: CONSTRAINT; Schema: public; Owner: appsoft
--

ALTER TABLE ONLY public.auth_user_groups
    ADD CONSTRAINT auth_user_groups_user_id_group_id_94350c0c_uniq UNIQUE (user_id, group_id);


--
-- Name: auth_user auth_user_pkey; Type: CONSTRAINT; Schema: public; Owner: appsoft
--

ALTER TABLE ONLY public.auth_user
    ADD CONSTRAINT auth_user_pkey PRIMARY KEY (id);


--
-- Name: auth_user_user_permissions auth_user_user_permissions_pkey; Type: CONSTRAINT; Schema: public; Owner: appsoft
--

ALTER TABLE ONLY public.auth_user_user_permissions
    ADD CONSTRAINT auth_user_user_permissions_pkey PRIMARY KEY (id);


--
-- Name: auth_user_user_permissions auth_user_user_permissions_user_id_permission_id_14a6b632_uniq; Type: CONSTRAINT; Schema: public; Owner: appsoft
--

ALTER TABLE ONLY public.auth_user_user_permissions
    ADD CONSTRAINT auth_user_user_permissions_user_id_permission_id_14a6b632_uniq UNIQUE (user_id, permission_id);


--
-- Name: auth_user auth_user_username_key; Type: CONSTRAINT; Schema: public; Owner: appsoft
--

ALTER TABLE ONLY public.auth_user
    ADD CONSTRAINT auth_user_username_key UNIQUE (username);


--
-- Name: django_admin_log django_admin_log_pkey; Type: CONSTRAINT; Schema: public; Owner: appsoft
--

ALTER TABLE ONLY public.django_admin_log
    ADD CONSTRAINT django_admin_log_pkey PRIMARY KEY (id);


--
-- Name: django_content_type django_content_type_app_label_model_76bd3d3b_uniq; Type: CONSTRAINT; Schema: public; Owner: appsoft
--

ALTER TABLE ONLY public.django_content_type
    ADD CONSTRAINT django_content_type_app_label_model_76bd3d3b_uniq UNIQUE (app_label, model);


--
-- Name: django_content_type django_content_type_pkey; Type: CONSTRAINT; Schema: public; Owner: appsoft
--

ALTER TABLE ONLY public.django_content_type
    ADD CONSTRAINT django_content_type_pkey PRIMARY KEY (id);


--
-- Name: django_migrations django_migrations_pkey; Type: CONSTRAINT; Schema: public; Owner: appsoft
--

ALTER TABLE ONLY public.django_migrations
    ADD CONSTRAINT django_migrations_pkey PRIMARY KEY (id);


--
-- Name: django_session django_session_pkey; Type: CONSTRAINT; Schema: public; Owner: appsoft
--

ALTER TABLE ONLY public.django_session
    ADD CONSTRAINT django_session_pkey PRIMARY KEY (session_key);


--
-- Name: overtime_app_approvallog overtime_app_approvallog_pkey; Type: CONSTRAINT; Schema: public; Owner: appsoft
--

ALTER TABLE ONLY public.overtime_app_approvallog
    ADD CONSTRAINT overtime_app_approvallog_pkey PRIMARY KEY (id);


--
-- Name: overtime_app_employee overtime_app_employee_email_6891e274_uniq; Type: CONSTRAINT; Schema: public; Owner: appsoft
--

ALTER TABLE ONLY public.overtime_app_employee
    ADD CONSTRAINT overtime_app_employee_email_6891e274_uniq UNIQUE (email);


--
-- Name: overtime_app_employee overtime_app_employee_pkey; Type: CONSTRAINT; Schema: public; Owner: appsoft
--

ALTER TABLE ONLY public.overtime_app_employee
    ADD CONSTRAINT overtime_app_employee_pkey PRIMARY KEY (id);


--
-- Name: overtime_app_holiday overtime_app_holiday_date_key; Type: CONSTRAINT; Schema: public; Owner: appsoft
--

ALTER TABLE ONLY public.overtime_app_holiday
    ADD CONSTRAINT overtime_app_holiday_date_key UNIQUE (date);


--
-- Name: overtime_app_holiday overtime_app_holiday_pkey; Type: CONSTRAINT; Schema: public; Owner: appsoft
--

ALTER TABLE ONLY public.overtime_app_holiday
    ADD CONSTRAINT overtime_app_holiday_pkey PRIMARY KEY (id);


--
-- Name: overtime_app_overtimerequest overtime_app_overtimerequest_pkey; Type: CONSTRAINT; Schema: public; Owner: appsoft
--

ALTER TABLE ONLY public.overtime_app_overtimerequest
    ADD CONSTRAINT overtime_app_overtimerequest_pkey PRIMARY KEY (id);


--
-- Name: overtime_app_position overtime_app_position_name_key; Type: CONSTRAINT; Schema: public; Owner: appsoft
--

ALTER TABLE ONLY public.overtime_app_position
    ADD CONSTRAINT overtime_app_position_name_key UNIQUE (name);


--
-- Name: overtime_app_position overtime_app_position_pkey; Type: CONSTRAINT; Schema: public; Owner: appsoft
--

ALTER TABLE ONLY public.overtime_app_position
    ADD CONSTRAINT overtime_app_position_pkey PRIMARY KEY (id);


--
-- Name: auth_group_name_a6ea08ec_like; Type: INDEX; Schema: public; Owner: appsoft
--

CREATE INDEX auth_group_name_a6ea08ec_like ON public.auth_group USING btree (name varchar_pattern_ops);


--
-- Name: auth_group_permissions_group_id_b120cbf9; Type: INDEX; Schema: public; Owner: appsoft
--

CREATE INDEX auth_group_permissions_group_id_b120cbf9 ON public.auth_group_permissions USING btree (group_id);


--
-- Name: auth_group_permissions_permission_id_84c5c92e; Type: INDEX; Schema: public; Owner: appsoft
--

CREATE INDEX auth_group_permissions_permission_id_84c5c92e ON public.auth_group_permissions USING btree (permission_id);


--
-- Name: auth_permission_content_type_id_2f476e4b; Type: INDEX; Schema: public; Owner: appsoft
--

CREATE INDEX auth_permission_content_type_id_2f476e4b ON public.auth_permission USING btree (content_type_id);


--
-- Name: auth_user_groups_group_id_97559544; Type: INDEX; Schema: public; Owner: appsoft
--

CREATE INDEX auth_user_groups_group_id_97559544 ON public.auth_user_groups USING btree (group_id);


--
-- Name: auth_user_groups_user_id_6a12ed8b; Type: INDEX; Schema: public; Owner: appsoft
--

CREATE INDEX auth_user_groups_user_id_6a12ed8b ON public.auth_user_groups USING btree (user_id);


--
-- Name: auth_user_user_permissions_permission_id_1fbb5f2c; Type: INDEX; Schema: public; Owner: appsoft
--

CREATE INDEX auth_user_user_permissions_permission_id_1fbb5f2c ON public.auth_user_user_permissions USING btree (permission_id);


--
-- Name: auth_user_user_permissions_user_id_a95ead1b; Type: INDEX; Schema: public; Owner: appsoft
--

CREATE INDEX auth_user_user_permissions_user_id_a95ead1b ON public.auth_user_user_permissions USING btree (user_id);


--
-- Name: auth_user_username_6821ab7c_like; Type: INDEX; Schema: public; Owner: appsoft
--

CREATE INDEX auth_user_username_6821ab7c_like ON public.auth_user USING btree (username varchar_pattern_ops);


--
-- Name: django_admin_log_content_type_id_c4bce8eb; Type: INDEX; Schema: public; Owner: appsoft
--

CREATE INDEX django_admin_log_content_type_id_c4bce8eb ON public.django_admin_log USING btree (content_type_id);


--
-- Name: django_admin_log_user_id_c564eba6; Type: INDEX; Schema: public; Owner: appsoft
--

CREATE INDEX django_admin_log_user_id_c564eba6 ON public.django_admin_log USING btree (user_id);


--
-- Name: django_session_expire_date_a5c62663; Type: INDEX; Schema: public; Owner: appsoft
--

CREATE INDEX django_session_expire_date_a5c62663 ON public.django_session USING btree (expire_date);


--
-- Name: django_session_session_key_c0390e0f_like; Type: INDEX; Schema: public; Owner: appsoft
--

CREATE INDEX django_session_session_key_c0390e0f_like ON public.django_session USING btree (session_key varchar_pattern_ops);


--
-- Name: overtime_app_approvallog_approver_id_d3d3484a; Type: INDEX; Schema: public; Owner: appsoft
--

CREATE INDEX overtime_app_approvallog_approver_id_d3d3484a ON public.overtime_app_approvallog USING btree (approver_id);


--
-- Name: overtime_app_approvallog_request_id_740d3dec; Type: INDEX; Schema: public; Owner: appsoft
--

CREATE INDEX overtime_app_approvallog_request_id_740d3dec ON public.overtime_app_approvallog USING btree (request_id);


--
-- Name: overtime_app_employee_email_6891e274_like; Type: INDEX; Schema: public; Owner: appsoft
--

CREATE INDEX overtime_app_employee_email_6891e274_like ON public.overtime_app_employee USING btree (email varchar_pattern_ops);


--
-- Name: overtime_app_employee_manager1_id_c53cb232; Type: INDEX; Schema: public; Owner: appsoft
--

CREATE INDEX overtime_app_employee_manager1_id_c53cb232 ON public.overtime_app_employee USING btree (manager1_id);


--
-- Name: overtime_app_employee_manager2_id_56008563; Type: INDEX; Schema: public; Owner: appsoft
--

CREATE INDEX overtime_app_employee_manager2_id_56008563 ON public.overtime_app_employee USING btree (manager2_id);


--
-- Name: overtime_app_employee_position_id_a7ac9e23; Type: INDEX; Schema: public; Owner: appsoft
--

CREATE INDEX overtime_app_employee_position_id_a7ac9e23 ON public.overtime_app_employee USING btree (position_id);


--
-- Name: overtime_app_overtimerequest_employee_id_523a3cce; Type: INDEX; Schema: public; Owner: appsoft
--

CREATE INDEX overtime_app_overtimerequest_employee_id_523a3cce ON public.overtime_app_overtimerequest USING btree (employee_id);


--
-- Name: overtime_app_position_name_ebd0505e_like; Type: INDEX; Schema: public; Owner: appsoft
--

CREATE INDEX overtime_app_position_name_ebd0505e_like ON public.overtime_app_position USING btree (name varchar_pattern_ops);


--
-- Name: auth_group_permissions auth_group_permissio_permission_id_84c5c92e_fk_auth_perm; Type: FK CONSTRAINT; Schema: public; Owner: appsoft
--

ALTER TABLE ONLY public.auth_group_permissions
    ADD CONSTRAINT auth_group_permissio_permission_id_84c5c92e_fk_auth_perm FOREIGN KEY (permission_id) REFERENCES public.auth_permission(id) DEFERRABLE INITIALLY DEFERRED;


--
-- Name: auth_group_permissions auth_group_permissions_group_id_b120cbf9_fk_auth_group_id; Type: FK CONSTRAINT; Schema: public; Owner: appsoft
--

ALTER TABLE ONLY public.auth_group_permissions
    ADD CONSTRAINT auth_group_permissions_group_id_b120cbf9_fk_auth_group_id FOREIGN KEY (group_id) REFERENCES public.auth_group(id) DEFERRABLE INITIALLY DEFERRED;


--
-- Name: auth_permission auth_permission_content_type_id_2f476e4b_fk_django_co; Type: FK CONSTRAINT; Schema: public; Owner: appsoft
--

ALTER TABLE ONLY public.auth_permission
    ADD CONSTRAINT auth_permission_content_type_id_2f476e4b_fk_django_co FOREIGN KEY (content_type_id) REFERENCES public.django_content_type(id) DEFERRABLE INITIALLY DEFERRED;


--
-- Name: auth_user_groups auth_user_groups_group_id_97559544_fk_auth_group_id; Type: FK CONSTRAINT; Schema: public; Owner: appsoft
--

ALTER TABLE ONLY public.auth_user_groups
    ADD CONSTRAINT auth_user_groups_group_id_97559544_fk_auth_group_id FOREIGN KEY (group_id) REFERENCES public.auth_group(id) DEFERRABLE INITIALLY DEFERRED;


--
-- Name: auth_user_groups auth_user_groups_user_id_6a12ed8b_fk_auth_user_id; Type: FK CONSTRAINT; Schema: public; Owner: appsoft
--

ALTER TABLE ONLY public.auth_user_groups
    ADD CONSTRAINT auth_user_groups_user_id_6a12ed8b_fk_auth_user_id FOREIGN KEY (user_id) REFERENCES public.auth_user(id) DEFERRABLE INITIALLY DEFERRED;


--
-- Name: auth_user_user_permissions auth_user_user_permi_permission_id_1fbb5f2c_fk_auth_perm; Type: FK CONSTRAINT; Schema: public; Owner: appsoft
--

ALTER TABLE ONLY public.auth_user_user_permissions
    ADD CONSTRAINT auth_user_user_permi_permission_id_1fbb5f2c_fk_auth_perm FOREIGN KEY (permission_id) REFERENCES public.auth_permission(id) DEFERRABLE INITIALLY DEFERRED;


--
-- Name: auth_user_user_permissions auth_user_user_permissions_user_id_a95ead1b_fk_auth_user_id; Type: FK CONSTRAINT; Schema: public; Owner: appsoft
--

ALTER TABLE ONLY public.auth_user_user_permissions
    ADD CONSTRAINT auth_user_user_permissions_user_id_a95ead1b_fk_auth_user_id FOREIGN KEY (user_id) REFERENCES public.auth_user(id) DEFERRABLE INITIALLY DEFERRED;


--
-- Name: django_admin_log django_admin_log_content_type_id_c4bce8eb_fk_django_co; Type: FK CONSTRAINT; Schema: public; Owner: appsoft
--

ALTER TABLE ONLY public.django_admin_log
    ADD CONSTRAINT django_admin_log_content_type_id_c4bce8eb_fk_django_co FOREIGN KEY (content_type_id) REFERENCES public.django_content_type(id) DEFERRABLE INITIALLY DEFERRED;


--
-- Name: django_admin_log django_admin_log_user_id_c564eba6_fk_auth_user_id; Type: FK CONSTRAINT; Schema: public; Owner: appsoft
--

ALTER TABLE ONLY public.django_admin_log
    ADD CONSTRAINT django_admin_log_user_id_c564eba6_fk_auth_user_id FOREIGN KEY (user_id) REFERENCES public.auth_user(id) DEFERRABLE INITIALLY DEFERRED;


--
-- Name: overtime_app_approvallog overtime_app_approva_approver_id_d3d3484a_fk_overtime_; Type: FK CONSTRAINT; Schema: public; Owner: appsoft
--

ALTER TABLE ONLY public.overtime_app_approvallog
    ADD CONSTRAINT overtime_app_approva_approver_id_d3d3484a_fk_overtime_ FOREIGN KEY (approver_id) REFERENCES public.overtime_app_employee(id) DEFERRABLE INITIALLY DEFERRED;


--
-- Name: overtime_app_approvallog overtime_app_approva_request_id_740d3dec_fk_overtime_; Type: FK CONSTRAINT; Schema: public; Owner: appsoft
--

ALTER TABLE ONLY public.overtime_app_approvallog
    ADD CONSTRAINT overtime_app_approva_request_id_740d3dec_fk_overtime_ FOREIGN KEY (request_id) REFERENCES public.overtime_app_overtimerequest(id) DEFERRABLE INITIALLY DEFERRED;


--
-- Name: overtime_app_employee overtime_app_employe_manager1_id_c53cb232_fk_overtime_; Type: FK CONSTRAINT; Schema: public; Owner: appsoft
--

ALTER TABLE ONLY public.overtime_app_employee
    ADD CONSTRAINT overtime_app_employe_manager1_id_c53cb232_fk_overtime_ FOREIGN KEY (manager1_id) REFERENCES public.overtime_app_employee(id) DEFERRABLE INITIALLY DEFERRED;


--
-- Name: overtime_app_employee overtime_app_employe_manager2_id_56008563_fk_overtime_; Type: FK CONSTRAINT; Schema: public; Owner: appsoft
--

ALTER TABLE ONLY public.overtime_app_employee
    ADD CONSTRAINT overtime_app_employe_manager2_id_56008563_fk_overtime_ FOREIGN KEY (manager2_id) REFERENCES public.overtime_app_employee(id) DEFERRABLE INITIALLY DEFERRED;


--
-- Name: overtime_app_employee overtime_app_employe_position_id_a7ac9e23_fk_overtime_; Type: FK CONSTRAINT; Schema: public; Owner: appsoft
--

ALTER TABLE ONLY public.overtime_app_employee
    ADD CONSTRAINT overtime_app_employe_position_id_a7ac9e23_fk_overtime_ FOREIGN KEY (position_id) REFERENCES public.overtime_app_position(id) DEFERRABLE INITIALLY DEFERRED;


--
-- Name: overtime_app_overtimerequest overtime_app_overtim_employee_id_523a3cce_fk_overtime_; Type: FK CONSTRAINT; Schema: public; Owner: appsoft
--

ALTER TABLE ONLY public.overtime_app_overtimerequest
    ADD CONSTRAINT overtime_app_overtim_employee_id_523a3cce_fk_overtime_ FOREIGN KEY (employee_id) REFERENCES public.overtime_app_employee(id) DEFERRABLE INITIALLY DEFERRED;


--
-- Name: SCHEMA public; Type: ACL; Schema: -; Owner: pg_database_owner
--

GRANT ALL ON SCHEMA public TO appsoft;


--
-- PostgreSQL database dump complete
--

